{"cameraMode":{"drawMode":0,"name":"Shaded","section":"Shading Mode"},"sceneLighting":true,"audioPlay":false,"sceneViewState":{"m_AlwaysRefresh":false,"showFog":true,"showSkybox":true,"showFlares":true,"showImageEffects":true,"showParticleSystems":true,"showVisualEffectGraphs":true,"m_FxEnabled":true},"in2DMode":false,"pivot":{"x":5.206999778747559,"y":0.6959999799728394,"z":-2.3289999961853029},"rotation":{"x":0.08816409856081009,"y":-0.13616129755973817,"z":0.012139095924794674,"w":0.9867261648178101},"size":0.3881043791770935,"orthographic":false}