{"cameraMode":{"drawMode":0,"name":"Shaded","section":"Shading Mode"},"sceneLighting":true,"audioPlay":false,"sceneViewState":{"m_AlwaysRefresh":false,"showFog":true,"showSkybox":true,"showFlares":true,"showImageEffects":true,"showParticleSystems":true,"showVisualEffectGraphs":true,"m_FxEnabled":true},"in2DMode":false,"pivot":{"x":3.0612668991088869,"y":0.7267773151397705,"z":-6.357403755187988},"rotation":{"x":0.0007103903335519135,"y":-0.9991874694824219,"z":-0.036876413971185687,"w":-0.01831291988492012},"size":0.3881044387817383,"orthographic":false}